Condition,Staining,Replicate,Label,Sample,Condition_staining,Sample_replicate,Condition_replicate,PixelCount,Area,Perimeter,Length_mm,AverageThickness,InscrDisc.Radius,Circularity,RRmean_absolute,MaxFeretDiam,MaxFeretDiamAngle,Tortuosity,RRmean_NS_Condition,RRmean_NS_rep,RRmean_relative_NS_Condition,RRmean_relative_NS_rep
arp-2,NonStained,rep_1,1,arp-2-NonStained-rep_1-1,arp-2-NonStained,arp-2-NonStained-rep_1,arp-2-rep_1,18782,741380.625,6949.213,3.417905,218.429,131.938,0.193,215.582,3365.847,95.785,1.015,214.622545454545,218.967,NA,NA
arp-2,NonStained,rep_1,2,arp-2-NonStained-rep_1-2,arp-2-NonStained,arp-2-NonStained-rep_1,arp-2-rep_1,93414,3687324.548,29723.985,14.986958,239.63,150.786,0.052,237.666,14765.878,84.653,1.015,214.622545454545,218.967,NA,NA
arp-2,NonStained,rep_1,4,arp-2-NonStained-rep_1-4,arp-2-NonStained,arp-2-NonStained-rep_1,arp-2-rep_1,65095,2569490.563,21623.418,10.835318,234.862,163.351,0.069,203.346,10692.825,85.214,1.013,214.622545454545,218.967,NA,NA
arp-2,NonStained,rep_1,5,arp-2-NonStained-rep_1-5,arp-2-NonStained,arp-2-NonStained-rep_1,arp-2-rep_1,40714,1607100.988,13837.048,6.805563,240.388,138.22,0.105,211.719,6683.797,104.702,1.018,214.622545454545,218.967,NA,NA
arp-2,NonStained,rep_1,6,arp-2-NonStained-rep_1-6,arp-2-NonStained,arp-2-NonStained-rep_1,arp-2-rep_1,46002,1815833.856,13306.708,6.491426,275.914,188.482,0.129,226.522,6366.285,102.829,1.02,214.622545454545,218.967,NA,NA
arp-2,NonStained,rep_2,1,arp-2-NonStained-rep_2-1,arp-2-NonStained,arp-2-NonStained-rep_2,arp-2-rep_2,88569,3496078.189,29550.022,14.723083,229.496,144.503,0.05,223.133,14546.538,88.069,1.012,214.622545454545,215.503,NA,NA
arp-2,NonStained,rep_2,2,arp-2-NonStained-rep_2-2,arp-2-NonStained,arp-2-NonStained-rep_2,arp-2-rep_2,85913,3391238.079,28584.441,14.357427,235.36,138.22,0.052,216.387,14196.489,88.681,1.011,214.622545454545,215.503,NA,NA
arp-2,NonStained,rep_2,3,arp-2-NonStained-rep_2-3,arp-2-NonStained,arp-2-NonStained-rep_2,arp-2-rep_2,74724,2949575.433,26877.936,13.224018,218.537,138.22,0.051,206.989,12696.815,83.779,1.042,214.622545454545,215.503,NA,NA
arp-2,NonStained,rep_3,1,arp-2-NonStained-rep_3-1,arp-2-NonStained,arp-2-NonStained-rep_3,arp-2-rep_3,95518,3790161.82,28661.789,14.299303,263.649,157.48,0.058,204.911,14043.934,91.182,1.018,214.622545454545,206.501333333333,NA,NA
arp-2,NonStained,rep_3,2,arp-2-NonStained-rep_3-2,arp-2-NonStained,arp-2-NonStained-rep_3,arp-2-rep_3,64589,2562896.646,23950.18,12.015208,217.773,125.984,0.056,211.839,11682.28,94.02,1.028,214.622545454545,206.501333333333,NA,NA
arp-2,NonStained,rep_3,3,arp-2-NonStained-rep_3-3,arp-2-NonStained,arp-2-NonStained-rep_3,arp-2-rep_3,61855,2454411.309,22204.377,11.254262,216.802,125.984,0.063,202.754,11250.41,89.904,1,214.622545454545,206.501333333333,NA,NA
arp-2,Stained,rep_1,1,arp-2-Stained-rep_1-1,arp-2-Stained,arp-2-Stained-rep_1,arp-2-rep_1,80357,3171926.464,29034.759,14.351144,219.06,138.22,0.047,231.68,13858.771,87.09,1.036,214.622545454545,218.967,1.07947652707841,1.05805897692346
arp-2,Stained,rep_1,10,arp-2-Stained-rep_1-10,arp-2-Stained,arp-2-Stained-rep_1,arp-2-rep_1,79953,3155979.399,26757.646,13.45648,232.096,169.634,0.055,221.099,13332.421,90.459,1.009,214.622545454545,218.967,1.03017602149736,1.00973662698032
arp-2,Stained,rep_1,11,arp-2-Stained-rep_1-11,arp-2-Stained,arp-2-Stained-rep_1,arp-2-rep_1,73653,2907299.922,26560.378,13.064437,216.922,138.22,0.052,213.422,12647.549,95.73,1.033,214.622545454545,218.967,0.994406247246752,0.97467654943439
arp-2,Stained,rep_1,12,arp-2-Stained-rep_1-12,arp-2-Stained,arp-2-Stained-rep_1,arp-2-rep_1,72820,2874418.969,25874.265,12.816897,219.559,138.22,0.054,215.846,12199.322,99.516,1.051,214.622545454545,218.967,1.00570049405976,0.985746710691565
arp-2,Stained,rep_1,13,arp-2-Stained-rep_1-13,arp-2-Stained,arp-2-Stained-rep_1,arp-2-rep_1,80667,3184163.073,26669.474,13.114699,241.751,157.069,0.056,226.851,12778.098,78.082,1.026,214.622545454545,218.967,1.05697656096453,1.03600542547507
arp-2,Stained,rep_1,14,arp-2-Stained-rep_1-14,arp-2-Stained,arp-2-Stained-rep_1,arp-2-rep_1,55598,2194616.12,20366.976,10.234687,217.562,125.655,0.066,216.631,10041.79,80.856,1.019,214.622545454545,218.967,1.0093580781143,0.989331725785164
arp-2,Stained,rep_1,15,arp-2-Stained-rep_1-15,arp-2-Stained,arp-2-Stained-rep_1,arp-2-rep_1,71422,2819235.809,27808.541,13.71156,201.467,150.786,0.046,245.372,13383.621,85.989,1.025,214.622545454545,218.967,1.14327224793803,1.12058894719296
arp-2,Stained,rep_1,16,arp-2-Stained-rep_1-16,arp-2-Stained,arp-2-Stained-rep_1,arp-2-rep_1,80400,3173623.8,26413.747,12.995327,240.381,150.786,0.057,219.067,12761.741,81.906,1.018,214.622545454545,218.967,1.02070823704025,1.00045668982084
arp-2,Stained,rep_1,17,arp-2-Stained-rep_1-17,arp-2-Stained,arp-2-Stained-rep_1,arp-2-rep_1,73168,2888155.55,26987.94,13.28936,215.273,144.503,0.05,219.452,13026.14,77.606,1.02,214.622545454545,218.967,1.02250208399694,1.00221494563108
arp-2,Stained,rep_1,18,arp-2-Stained-rep_1-18,arp-2-Stained,arp-2-Stained-rep_1,arp-2-rep_1,62164,2453795.397,23585.7,11.551551,214.459,125.655,0.055,214.225,11091.564,81.498,1.041,214.622545454545,218.967,0.998147699470699,0.978343768695739
arp-2,Stained,rep_1,19,arp-2-Stained-rep_1-19,arp-2-Stained,arp-2-Stained-rep_1,arp-2-rep_1,65962,2603713.596,24350.491,11.596787,213.674,125.655,0.055,221.85,11316.877,83.881,1.025,214.622545454545,218.967,1.03367518789859,1.01316636753483
arp-2,Stained,rep_1,2,arp-2-Stained-rep_1-2,arp-2-Stained,arp-2-Stained-rep_1,arp-2-rep_1,91364,3606405.036,30665.252,15.03345,233.89,157.069,0.048,226.292,14416.915,94.374,1.043,214.622545454545,218.967,1.05437198837028,1.03345252937657
arp-2,Stained,rep_1,21,arp-2-Stained-rep_1-21,arp-2-Stained,arp-2-Stained-rep_1,arp-2-rep_1,80836,3190833.999,27631.361,13.528104,231.177,138.22,0.053,219.292,13068.435,78.323,1.035,214.622545454545,218.967,1.02175658915779,1.00148424191773
arp-2,Stained,rep_1,22,arp-2-Stained-rep_1-22,arp-2-Stained,arp-2-Stained-rep_1,arp-2-rep_1,50324,1986435.872,18670.136,9.0573,217.044,131.938,0.072,212.538,8377.791,88.496,1.081,214.622545454545,218.967,0.99028738826049,0.970639411418159
arp-2,Stained,rep_1,23,arp-2-Stained-rep_1-23,arp-2-Stained,arp-2-Stained-rep_1,arp-2-rep_1,54537,2152735.338,19291.537,9.561177,219.997,163.351,0.073,225.951,9399.064,92.107,1.017,214.622545454545,218.967,1.05278315249436,1.03189521708751
arp-2,Stained,rep_1,24,arp-2-Stained-rep_1-24,arp-2-Stained,arp-2-Stained-rep_1,arp-2-rep_1,44260,1747072.007,14529.25,7.162423,243.208,138.22,0.104,238.44,7082.542,91.322,1.011,214.622545454545,218.967,1.11097368403218,1.08893120881229
arp-2,Stained,rep_1,25,arp-2-Stained-rep_1-25,arp-2-Stained,arp-2-Stained-rep_1,arp-2-rep_1,52406,2068618.518,19069.058,9.279709,220.604,138.22,0.071,222.973,9071.08,78.737,1.023,214.622545454545,218.967,1.03890762980082,1.01829499422287
arp-2,Stained,rep_1,29,arp-2-Stained-rep_1-29,arp-2-Stained,arp-2-Stained-rep_1,arp-2-rep_1,45428,1793176.393,16103.292,7.842217,217.147,157.069,0.087,221.375,7721.866,87.622,1.016,214.622545454545,218.967,1.03146200009488,1.01099709088584
arp-2,Stained,rep_1,3,arp-2-Stained-rep_1-3,arp-2-Stained,arp-2-Stained-rep_1,arp-2-rep_1,92044,3633246.63,30039.139,14.628842,241.004,163.351,0.051,220.717,13817.892,95.558,1.059,214.622545454545,218.967,1.02839615256891,1.00799207186471
arp-2,Stained,rep_1,7,arp-2-Stained-rep_1-7,arp-2-Stained,arp-2-Stained-rep_1,arp-2-rep_1,76638,3025126.627,25878.267,12.625901,230.408,175.917,0.057,234.435,12374.218,83.03,1.02,214.622545454545,218.967,1.09231301633989,1.07064078148762
arp-2,Stained,rep_1,9,arp-2-Stained-rep_1-9,arp-2-Stained,arp-2-Stained-rep_1,arp-2-rep_1,91887,3627049.38,29865.363,14.54591,241.939,144.503,0.051,221.292,12723.51,82.538,1.143,214.622545454545,218.967,1.03107527464708,1.01061803833454
arp-2,Stained,rep_2,1,arp-2-Stained-rep_2-1,arp-2-Stained,arp-2-Stained-rep_2,arp-2-rep_2,80516,3178202.66,28875.128,14.116169,220.331,131.938,0.048,229.946,13101.675,86.756,1.077,214.622545454545,215.503,1.0713972267592,1.06701994867821
arp-2,Stained,rep_2,10,arp-2-Stained-rep_2-10,arp-2-Stained,arp-2-Stained-rep_2,arp-2-rep_2,78504,3098783.12,27110.327,13.406218,223.394,138.22,0.053,224.799,13115.209,87.831,1.022,214.622545454545,215.503,1.04741558965253,1.04313629044607
arp-2,Stained,rep_2,11,arp-2-Stained-rep_2-11,arp-2-Stained,arp-2-Stained-rep_2,arp-2-rep_2,80073,3160716.151,26908.928,13.231559,233.889,138.22,0.055,222.386,12607.76,91.542,1.049,214.622545454545,215.503,1.03617259560971,1.03193923054435
arp-2,Stained,rep_2,12,arp-2-Stained-rep_2-12,arp-2-Stained,arp-2-Stained-rep_2,arp-2-rep_2,69841,2756829.102,24628.737,12.42988,223.543,131.938,0.057,218.865,12277.993,94.196,1.012,214.622545454545,215.503,1.01976704980583,1.01560071089498
arp-2,Stained,rep_2,13,arp-2-Stained-rep_2-13,arp-2-Stained,arp-2-Stained-rep_2,arp-2-rep_2,44760,1766808.474,18123.48,9.010808,194.331,125.655,0.068,219.108,8760.335,84.98,1.029,214.622545454545,215.503,1.02089927009278,1.01672830540642
arp-2,Stained,rep_2,14,arp-2-Stained-rep_2-14,arp-2-Stained,arp-2-Stained-rep_2,arp-2-rep_2,58436,2306640.303,20051.093,9.76725,236.227,138.22,0.072,230.576,9557.649,77.124,1.022,214.622545454545,215.503,1.07433261268832,1.06994334185603
arp-2,Stained,rep_2,2,arp-2-Stained-rep_2-2,arp-2-Stained,arp-2-Stained-rep_2,arp-2-rep_2,80546,3179386.848,28588.837,14.388841,218.257,131.938,0.049,216.683,14275.695,88.134,1.008,214.622545454545,215.503,1.00960036393703,1.00547556182513
arp-2,Stained,rep_2,3,arp-2-Stained-rep_2-3,arp-2-Stained,arp-2-Stained-rep_2,arp-2-rep_2,91032,3593300.022,30649.645,15.130205,238.127,131.938,0.048,217.232,14441.203,82.148,1.048,214.622545454545,215.503,1.01215834310383,1.0080230901658
arp-2,Stained,rep_2,4,arp-2-Stained-rep_2-4,arp-2-Stained,arp-2-Stained-rep_2,arp-2-rep_2,91643,3617417.984,30832.468,15.204342,237.721,169.634,0.048,230.822,14202.083,88.809,1.071,214.622545454545,215.503,1.0754788110035,1.07108485728737
arp-2,Stained,rep_2,5,arp-2-Stained-rep_2-5,arp-2-Stained,arp-2-Stained-rep_2,arp-2-rep_2,106365,4198538.501,32486.163,16.00602,254.113,157.069,0.05,225.918,15233.443,81.031,1.051,214.622545454545,215.503,1.05262939418378,1.04832879356668
arp-2,Stained,rep_2,7,arp-2-Stained-rep_2-7,arp-2-Stained,arp-2-Stained-rep_2,arp-2-rep_2,87091,3437737.194,29709.455,14.745701,230.653,131.938,0.049,224.898,14338.903,85.753,1.028,214.622545454545,215.503,1.04787686458425,1.04359568080259
arp-2,Stained,rep_2,8,arp-2-Stained-rep_2-8,arp-2-Stained,arp-2-Stained-rep_2,arp-2-rep_2,73380,2896523.812,26368.139,13.201401,220.554,131.938,0.052,223.946,12864.867,94.257,1.026,214.622545454545,215.503,1.04344117029135,1.03917810888944
arp-2,Stained,rep_2,9,arp-2-Stained-rep_2-9,arp-2-Stained,arp-2-Stained-rep_2,arp-2-rep_2,64196,2534004.397,24196.042,11.7815,211.688,125.655,0.054,224.632,11266.852,96.982,1.046,214.622545454545,215.503,1.04663747941418,1.04236135923862
arp-2,Stained,rep_3,1,arp-2-Stained-rep_3-1,arp-2-Stained,arp-2-Stained-rep_3,arp-2-rep_3,76553,3037629.115,26288.299,12.96387,233.542,144.882,0.055,217.572,12480.883,93.327,1.039,214.622545454545,206.501333333333,1.01374251963701,1.05361063043984
arp-2,Stained,rep_3,10,arp-2-Stained-rep_3-10,arp-2-Stained,arp-2-Stained-rep_3,arp-2-rep_3,57828,2294619.629,21430.585,10.548751,215.699,125.984,0.063,215.057,10239.902,94.304,1.03,214.622545454545,206.501333333333,1.00202427263424,1.04143153232263
arp-2,Stained,rep_3,11,arp-2-Stained-rep_3-11,arp-2-Stained,arp-2-Stained-rep_3,arp-2-rep_3,70857,2811611.383,24311.88,11.855207,230.217,144.882,0.06,213.027,10737.909,78.769,1.104,214.622545454545,206.501333333333,0.992565806862619,1.03160108732147
arp-2,Stained,rep_3,12,arp-2-Stained-rep_3-12,arp-2-Stained,arp-2-Stained-rep_3,arp-2-rep_3,69060,2740306.281,24508.06,11.830011,224.498,138.583,0.057,211.257,11087.017,98.66,1.067,214.622545454545,206.501333333333,0.984318770204605,1.02302971409386
arp-2,Stained,rep_3,13,arp-2-Stained-rep_3-13,arp-2-Stained,arp-2-Stained-rep_3,arp-2-rep_3,56513,2242440.325,18798.708,9.247333,240.161,138.583,0.08,218.058,9022.076,88.92,1.025,214.622545454545,206.501333333333,1.01600696021091,1.05596412613962
arp-2,Stained,rep_3,2,arp-2-Stained-rep_3-2,arp-2-Stained,arp-2-Stained-rep_3,arp-2-rep_3,67494,2678167.276,22712.509,11.254262,234.543,138.583,0.065,219.26,11129.94,86.203,1.011,214.622545454545,206.501333333333,1.02160749018997,1.06178491180041
arp-2,Stained,rep_3,3,arp-2-Stained-rep_3-3,arp-2-Stained,arp-2-Stained-rep_3,arp-2-rep_3,85567,3395305.351,27992.432,13.76387,247.323,170.079,0.054,213.249,13274.137,80.439,1.037,214.622545454545,206.501333333333,0.993600180951929,1.03267614091273
arp-2,Stained,rep_3,4,arp-2-Stained-rep_3-4,arp-2-Stained,arp-2-Stained-rep_3,arp-2-rep_3,63261,2510201.5,22732.281,11.20135,222.211,132.283,0.061,215.684,10833.833,96.142,1.034,214.622545454545,206.501333333333,1.00494568053513,1.04446783233038
arp-2,Stained,rep_3,5,arp-2-Stained-rep_3-5,arp-2-Stained,arp-2-Stained-rep_3,arp-2-rep_3,56271,2232837.746,21156.447,10.708751,208.165,125.984,0.063,214.748,10644.806,88.169,1.006,214.622545454545,206.501333333333,1.00058453572615,1.03993517394561
arp-2,Stained,rep_3,6,arp-2-Stained-rep_3-6,arp-2-Stained,arp-2-Stained-rep_3,arp-2-rep_3,71024,2818237.956,25639.676,12.787491,219.145,132.283,0.054,232.392,12340.588,92.633,1.036,214.622545454545,206.501333333333,1.08279397911259,1.12537772153206
arp-2,Stained,rep_3,7,arp-2-Stained-rep_3-7,arp-2-Stained,arp-2-Stained-rep_3,arp-2-rep_3,61580,2443499.287,21931.677,10.761664,228.469,138.583,0.064,216.407,10499.871,79.701,1.025,214.622545454545,206.501333333333,1.00831438533951,1.04796902037759
arp-2,Stained,rep_3,8,arp-2-Stained-rep_3-8,arp-2-Stained,arp-2-Stained-rep_3,arp-2-rep_3,78516,3115521.111,25450.955,12.438514,247.751,138.583,0.06,217.525,11945.822,94.325,1.041,214.622545454545,206.501333333333,1.01352353052801,1.05338302900385
arp-2,Stained,rep_3,9,arp-2-Stained-rep_3-9,arp-2-Stained,arp-2-Stained-rep_3,arp-2-rep_3,84961,3371259.223,26098.686,12.855523,256.322,157.48,0.062,220.241,12526.5,79.775,1.026,214.622545454545,206.501333333333,1.02617830542246,1.06653548645368
col-0,NonStained,rep_1,1,col-0-NonStained-rep_1-1,col-0-NonStained,col-0-NonStained-rep_1,col-0-rep_1,84734,3344699.491,31120.225,14.937953,209.431,131.938,0.043,218.825,14581.015,88.494,1.024,217.462636363636,225.867666666667,NA,NA
col-0,NonStained,rep_1,2,col-0-NonStained-rep_1-2,col-0-NonStained,col-0-NonStained-rep_1,col-0-rep_1,68245,2693830.302,25482.023,12.487681,204.01,138.22,0.052,211.929,12138.167,86.32,1.029,217.462636363636,225.867666666667,NA,NA
col-0,NonStained,rep_1,3,col-0-NonStained-rep_1-3,col-0-NonStained,col-0-NonStained-rep_1,col-0-rep_1,65236,2575056.247,23368.002,11.110502,215.142,182.2,0.059,246.849,10845.073,90.797,1.024,217.462636363636,225.867666666667,NA,NA
col-0,NonStained,rep_2,1,col-0-NonStained-rep_2-1,col-0-NonStained,col-0-NonStained-rep_2,col-0-rep_2,76492,3019363.579,27406.805,13.852293,219.213,131.938,0.051,210.38,13561.627,95.93,1.021,217.462636363636,214.41625,NA,NA
col-0,NonStained,rep_2,2,col-0-NonStained-rep_2-2,col-0-NonStained,col-0-NonStained-rep_2,col-0-rep_2,76474,3018653.066,25626.67,12.882237,233.396,138.22,0.058,219.497,12747.171,86.44,1.011,217.462636363636,214.41625,NA,NA
col-0,NonStained,rep_2,3,col-0-NonStained-rep_2-3,col-0-NonStained,col-0-NonStained-rep_2,col-0-rep_2,52617,2076947.307,18252.641,9.248295,225.01,131.938,0.078,217.255,9143.306,86.139,1.011,217.462636363636,214.41625,NA,NA
col-0,NonStained,rep_2,4,col-0-NonStained-rep_2-4,col-0-NonStained,col-0-NonStained-rep_2,col-0-rep_2,37017,1461169.555,16597.542,8.163893,174.673,113.089,0.067,210.533,8004.311,89.73,1.02,217.462636363636,214.41625,NA,NA
col-0,NonStained,rep_3,1,col-0-NonStained-rep_3-1,col-0-NonStained,col-0-NonStained-rep_3,col-0-rep_3,71772,2847918.656,25086.478,12.520404,225.678,144.882,0.057,221.609,12333.738,86.838,1.015,217.462636363636,214.20525,NA,NA
col-0,NonStained,rep_3,2,col-0-NonStained-rep_3-2,col-0-NonStained,col-0-NonStained-rep_3,col-0-rep_3,62990,2499448.199,22440.9,11.293318,222.019,125.984,0.062,197.262,11130.773,89.805,1.015,217.462636363636,214.20525,NA,NA
col-0,NonStained,rep_3,3,col-0-NonStained-rep_3-3,col-0-NonStained,col-0-NonStained-rep_3,col-0-rep_3,81313,3226506.293,27332.44,13.645444,232.741,138.583,0.054,208.857,13325.394,86.748,1.024,217.462636363636,214.20525,NA,NA
col-0,NonStained,rep_3,4,col-0-NonStained-rep_3-4,col-0-NonStained,col-0-NonStained-rep_3,col-0-rep_3,49103,1948410.937,18249.694,9.248594,211.213,132.283,0.074,229.093,9134.121,90.435,1.013,217.462636363636,214.20525,NA,NA
col-0,Stained,rep_1,1,col-0-Stained-rep_1-1,col-0-Stained,col-0-Stained-rep_1,col-0-rep_1,106036,4185551.907,33097.054,16.492306,248.513,175.917,0.048,222.257,16344.279,87.047,1.009,217.462636363636,225.867666666667,1.02204683855826,0.984014238425745
col-0,Stained,rep_1,10,col-0-Stained-rep_1-10,col-0-Stained,col-0-Stained-rep_1,col-0-rep_1,72036,2843472.19,26147.311,12.800562,216.918,131.938,0.052,214.299,12544.283,103.556,1.02,217.462636363636,225.867666666667,0.985452046307642,0.948781218501099
col-0,Stained,rep_1,11,col-0-Stained-rep_1-11,col-0-Stained,col-0-Stained-rep_1,col-0-rep_1,66702,2632923.566,21780.97,10.643066,235.869,144.503,0.07,232.107,10424.716,85.021,1.021,217.462636363636,225.867666666667,1.06734197598835,1.02762384464059
col-0,Stained,rep_1,12,col-0-Stained-rep_1-12,col-0-Stained,col-0-Stained-rep_1,col-0-rep_1,63691,2514070.565,21939.925,10.895633,224.766,138.22,0.066,216.09,10689.622,91.28,1.019,217.462636363636,225.867666666667,0.993687943885031,0.956710640301179
col-0,Stained,rep_1,2,col-0-Stained-rep_1-2,col-0-Stained,col-0-Stained-rep_1,col-0-rep_1,81106,3201491.691,26626.63,13.24161,234.723,163.351,0.057,223.506,12727.119,99.49,1.04,217.462636363636,225.867666666667,1.02779035395422,0.989544025041212
col-0,Stained,rep_1,3,col-0-Stained-rep_1-3,col-0-Stained,col-0-Stained-rep_1,col-0-rep_1,100177,3954279.993,32311.261,16.189476,238.938,175.917,0.048,220.271,16027.323,90.112,1.01,217.462636363636,225.867666666667,1.01291423521449,0.975221479243746
col-0,Stained,rep_1,4,col-0-Stained-rep_1-4,col-0-Stained,col-0-Stained-rep_1,col-0-rep_1,79541,3139716.551,29602.154,14.445386,205.578,157.069,0.045,221.392,14175.432,86.926,1.019,217.462636363636,225.867666666667,1.01806914374841,0.980184562346979
col-0,Stained,rep_1,5,col-0-Stained-rep_1-5,col-0-Stained,col-0-Stained-rep_1,col-0-rep_1,80114,3162334.541,28209.011,14.253133,219.286,163.351,0.05,228.611,14030.328,96.221,1.016,217.462636363636,225.867666666667,1.051265651069,1.01214575496271
col-0,Stained,rep_1,6,col-0-Stained-rep_1-6,col-0-Stained,col-0-Stained-rep_1,col-0-rep_1,98101,3872334.184,30996.187,15.136488,251.604,157.069,0.051,222.274,14639.371,94.776,1.034,217.462636363636,225.867666666667,1.02212501290713,0.984089503735963
col-0,Stained,rep_1,7,col-0-Stained-rep_1-7,col-0-Stained,col-0-Stained-rep_1,col-0-rep_1,77711,3067481.084,26951.184,13.167474,224.772,157.069,0.053,218.544,12960.813,92.473,1.016,217.462636363636,225.867666666667,1.00497264106812,0.967575409199782
col-0,Stained,rep_1,8,col-0-Stained-rep_1-8,col-0-Stained,col-0-Stained-rep_1,col-0-rep_1,83964,3314305.333,26519.62,12.901086,246.157,150.786,0.059,228.923,12681.988,97.114,1.017,217.462636363636,225.867666666667,1.05270038029521,1.01352709477378
col-0,Stained,rep_1,9,col-0-Stained-rep_1-9,col-0-Stained,col-0-Stained-rep_1,col-0-rep_1,73031,2882747.758,24760.232,12.517838,228.309,163.351,0.059,217.02,12417.931,88.695,1.008,217.462636363636,225.867666666667,0.997964540617009,0.960828095507251
col-0,Stained,rep_2,1,col-0-Stained-rep_2-1,col-0-Stained,col-0-Stained-rep_2,col-0-rep_2,91803,3623733.653,31416.66,15.850207,225.364,131.938,0.046,219.646,15708.622,87.066,1.009,217.462636363636,214.41625,1.01004017827096,1.02439064203389
col-0,Stained,rep_2,10,col-0-Stained-rep_2-10,col-0-Stained,col-0-Stained-rep_2,col-0-rep_2,83744,3305621.288,28522.585,14.398892,227.938,138.22,0.051,226.917,14224.232,90.202,1.012,217.462636363636,214.41625,1.04347580712925,1.05830131811372
col-0,Stained,rep_2,11,col-0-Stained-rep_2-11,col-0-Stained,col-0-Stained-rep_2,col-0-rep_2,70101,2767092.065,25382.239,12.849568,213.505,125.655,0.054,220.469,12687.116,85.825,1.013,217.462636363636,214.41625,1.0138247364542,1.02822897051879
col-0,Stained,rep_2,12,col-0-Stained-rep_2-12,col-0-Stained,col-0-Stained-rep_2,col-0-rep_2,77936,3076362.494,25125.938,12.591975,238.006,144.503,0.061,226.916,12451.72,86.905,1.011,217.462636363636,214.41625,1.04347120863814,1.0582966542881
col-0,Stained,rep_2,13,col-0-Stained-rep_2-13,col-0-Stained,col-0-Stained-rep_2,col-0-rep_2,90729,3581339.724,28744.943,14.332296,243.086,175.917,0.054,234.589,14229.1,92.277,1.007,217.462636363636,214.41625,1.07875543092251,1.09408218826698
col-0,Stained,rep_2,3,col-0-Stained-rep_2-3,col-0-Stained,col-0-Stained-rep_2,col-0-rep_2,90293,3564129.525,31064.851,15.600155,224.432,125.655,0.046,220.256,15439.231,93.429,1.01,217.462636363636,214.41625,1.01284525784785,1.02723557566183
col-0,Stained,rep_2,38,col-0-Stained-rep_2-38,col-0-Stained,col-0-Stained-rep_2,col-0-rep_2,61814,2439979.871,23534.261,11.944852,202.136,119.372,0.055,218.039,11882.379,89.031,1.005,217.462636363636,214.41625,1.00265040305775,1.01689587426326
col-0,Stained,rep_2,4,col-0-Stained-rep_2-4,col-0-Stained,col-0-Stained-rep_2,col-0-rep_2,81527,3218109.796,26635.73,13.496691,238.616,144.503,0.057,226.2,13419.884,91.744,1.006,217.462636363636,214.41625,1.04017868900363,1.05495735514449
col-0,Stained,rep_2,41,col-0-Stained-rep_2-41,col-0-Stained,col-0-Stained-rep_2,col-0-rep_2,71285,2813828.017,25833.567,13.044333,217.417,125.655,0.053,230.923,12811.918,82.335,1.018,217.462636363636,214.41625,1.06189736251452,1.07698460354567
col-0,Stained,rep_2,42,col-0-Stained-rep_2-42,col-0-Stained,col-0-Stained-rep_2,col-0-rep_2,72420,2858629.796,25120.713,12.725169,223.386,138.22,0.057,226.523,12666.421,90.455,1.005,217.462636363636,214.41625,1.04166400163205,1.05646377081961
col-0,Stained,rep_2,43,col-0-Stained-rep_2-43,col-0-Stained,col-0-Stained-rep_2,col-0-rep_2,72592,2865419.141,26375.443,13.197631,210.434,157.069,0.052,222.995,13124.162,91.701,1.006,217.462636363636,214.41625,1.02544052499719,1.0400097940338
col-0,Stained,rep_2,46,col-0-Stained-rep_2-46,col-0-Stained,col-0-Stained-rep_2,col-0-rep_2,56304,2222484.011,21727.495,10.842857,198.336,119.372,0.059,217.875,10740.158,91.341,1.01,217.462636363636,214.41625,1.00189625051576,1.01613100686165
col-0,Stained,rep_2,47,col-0-Stained-rep_2-47,col-0-Stained,col-0-Stained-rep_2,col-0-rep_2,55128,2176063.842,21114.758,10.665683,203.577,119.372,0.061,225.696,10559.692,88.295,1.01,217.462636363636,214.41625,1.03786104948436,1.05260678703223
col-0,Stained,rep_2,48,col-0-Stained-rep_2-48,col-0-Stained,col-0-Stained-rep_2,col-0-rep_2,66114,2609713.482,22899.519,11.335425,227.614,138.22,0.063,221.138,11135.33,83.228,1.018,217.462636363636,214.41625,1.01690112700656,1.03134906985828
col-0,Stained,rep_2,6,col-0-Stained-rep_2-6,col-0-Stained,col-0-Stained-rep_2,col-0-rep_2,89209,3521340.866,30654.179,15.410415,225.454,138.22,0.047,228.791,15168.191,88.149,1.016,217.462636363636,214.41625,1.05209337946874,1.06704132732477
col-0,Stained,rep_2,7,col-0-Stained-rep_2-7,col-0-Stained,col-0-Stained-rep_2,col-0-rep_2,96564,3811664.287,32951.996,16.535027,229.585,131.938,0.044,220.755,16210.977,94.579,1.02,217.462636363636,214.41625,1.01513990491156,1.02956282464599
col-0,Stained,rep_2,8,col-0-Stained-rep_2-8,col-0-Stained,col-0-Stained-rep_2,col-0-rep_2,98013,3868860.566,31458.821,15.67429,238.814,144.503,0.049,230.971,15494.405,90.697,1.012,217.462636363636,214.41625,1.06211809008779,1.07720846717541
col-0,Stained,rep_2,9,col-0-Stained-rep_2-9,col-0-Stained,col-0-Stained-rep_2,col-0-rep_2,66547,2626805.262,23109.136,11.657101,224.18,131.938,0.062,217.227,11592.496,89.317,1.006,217.462636363636,214.41625,0.998916428276707,1.01310884786018
col-0,Stained,rep_3,1,col-0-Stained-rep_3-1,col-0-Stained,col-0-Stained-rep_3,col-0-rep_3,78421,3111751.504,25259.036,12.595995,246.44,151.181,0.061,224.834,12387.68,87.085,1.017,217.462636363636,214.20525,1.03389715014784,1.04961946544261
col-0,Stained,rep_3,10,col-0-Stained-rep_3-10,col-0-Stained,col-0-Stained-rep_3,col-0-rep_3,75066,2978624.837,24011.101,11.806074,238.949,144.882,0.065,228.373,11580.559,91.216,1.019,217.462636363636,214.20525,1.05017121018491,1.06614100261315
col-0,Stained,rep_3,11,col-0-Stained-rep_3-11,col-0-Stained,col-0-Stained-rep_3,col-0-rep_3,47173,1871828.384,18507.207,9.321664,202.385,125.984,0.069,224.127,9119.174,85.92,1.022,217.462636363636,214.20525,1.03064601693332,1.04631889274423
col-0,Stained,rep_3,12,col-0-Stained-rep_3-12,col-0-Stained,col-0-Stained-rep_3,col-0-rep_3,74878,2971164.982,23939.042,11.963554,247.126,176.378,0.065,225.359,11753.436,97.235,1.018,217.462636363636,214.20525,1.03631135798041,1.05207038576319
col-0,Stained,rep_3,13,col-0-Stained-rep_3-13,col-0-Stained,col-0-Stained-rep_3,col-0-rep_3,49419,1960949.842,17658.33,8.818987,218.445,138.583,0.079,224.759,8670.328,82.947,1.017,217.462636363636,214.20525,1.03355226331462,1.04926933396824
col-0,Stained,rep_3,14,col-0-Stained-rep_3-14,col-0-Stained,col-0-Stained-rep_3,col-0-rep_3,57658,2287874.016,19960.841,10.029696,226.191,138.583,0.072,215.908,9916.529,88.981,1.011,217.462636363636,214.20525,0.992851018503074,1.00794915157308
col-0,Stained,rep_3,15,col-0-Stained-rep_3-15,col-0-Stained,col-0-Stained-rep_3,col-0-rep_3,67488,2677929.196,23576.313,11.67757,226.749,144.882,0.061,227.061,11441.514,81.004,1.021,217.462636363636,214.20525,1.04413798984904,1.06001603602153
col-0,Stained,rep_3,16,col-0-Stained-rep_3-16,col-0-Stained,col-0-Stained-rep_3,col-0-rep_3,69161,2744313.969,23459.334,11.59946,230.906,151.181,0.063,219.765,11369.896,96.873,1.02,217.462636363636,214.20525,1.01058739871301,1.02595524619495
col-0,Stained,rep_3,17,col-0-Stained-rep_3-17,col-0-Stained,col-0-Stained-rep_3,col-0-rep_3,48448,1922420.485,17673.385,8.463711,217.73,132.283,0.077,214.47,7748.72,95.224,1.092,217.462636363636,214.20525,0.986238388287392,1.00123596410452
col-0,Stained,rep_3,2,col-0-Stained-rep_3-2,col-0-Stained,col-0-Stained-rep_3,col-0-rep_3,67159,2664874.45,25041.128,12.410799,209.383,132.283,0.053,232.937,12017.963,91.712,1.033,217.462636363636,214.20525,1.07115872360936,1.08744766993339
col-0,Stained,rep_3,3,col-0-Stained-rep_3-3,col-0-Stained,col-0-Stained-rep_3,col-0-rep_3,76937,3052866.266,25761.33,12.907176,235.283,144.882,0.058,214.44,12691.836,96.956,1.017,217.462636363636,214.20525,0.986100433554103,1.00109591151477
col-0,Stained,rep_3,4,col-0-Stained-rep_3-4,col-0-Stained,col-0-Stained-rep_3,col-0-rep_3,66676,2645708.971,23680.979,11.52009,227.409,144.882,0.059,218.321,10909.905,99.337,1.056,217.462636363636,214.20525,1.00394717755067,1.01921404820844
col-0,Stained,rep_3,5,col-0-Stained-rep_3-5,col-0-Stained,col-0-Stained-rep_3,col-0-rep_3,76952,3053461.467,25095.361,12.544342,243.831,157.48,0.061,221.229,12277.681,94.886,1.022,217.462636363636,214.20525,1.01731958969754,1.03278981257462
col-0,Stained,rep_3,6,col-0-Stained-rep_3-6,col-0-Stained,col-0-Stained-rep_3,col-0-rep_3,64918,2575951.392,23375.58,11.721664,216.815,132.283,0.059,221.556,11518.098,92.319,1.018,217.462636363636,214.20525,1.0188232962904,1.03431638580287
col-0,Stained,rep_3,7,col-0-Stained-rep_3-7,col-0-Stained,col-0-Stained-rep_3,col-0-rep_3,71163,2823753.488,23743.05,11.981192,236.713,144.882,0.063,217.984,11826.962,85.601,1.013,217.462636363636,214.20525,1.00239748604671,1.01764079078361
col-0,Stained,rep_3,8,col-0-Stained-rep_3-8,col-0-Stained,col-0-Stained-rep_3,col-0-rep_3,71874,2851966.024,23232.294,11.378987,241.613,138.583,0.066,233.603,10889.415,88.376,1.045,217.462636363636,214.20525,1.07422131868839,1.09055683742579
col-0,Stained,rep_3,9,col-0-Stained-rep_3-9,col-0-Stained,col-0-Stained-rep_3,col-0-rep_3,56790,2253431.707,19487.014,9.485444,213.144,144.882,0.075,224.547,9259.485,82.691,1.024,217.462636363636,214.20525,1.03257738319937,1.04827962900069
qua-2,NonStained,rep_1,1,qua-2-NonStained-rep_1-1,qua-2-NonStained,qua-2-NonStained-rep_1,qua-2-rep_1,47021,1856056.775,16021.638,7.878656,236.941,144.503,0.091,212.146,7758.218,95.577,1.016,227.661615384615,219.107,NA,NA
qua-2,NonStained,rep_1,2,qua-2-NonStained-rep_1-2,qua-2-NonStained,qua-2-NonStained-rep_1,qua-2-rep_1,57411,2266180.547,18760.231,9.035939,238.82,163.351,0.081,218.362,8893.306,96.287,1.016,227.661615384615,219.107,NA,NA
qua-2,NonStained,rep_1,3,qua-2-NonStained-rep_1-3,qua-2-NonStained,qua-2-NonStained-rep_1,qua-2-rep_1,47913,1891266.631,15289.61,7.244099,243.907,207.331,0.102,226.813,7091.053,101.499,1.022,227.661615384615,219.107,NA,NA
qua-2,NonStained,rep_2,1,qua-2-NonStained-rep_2-1,qua-2-NonStained,qua-2-NonStained-rep_2,qua-2-rep_2,3171928,125205300.914,98672.567,17.397021,2264.428,41170.853,0.162,308.097,16223.688,47.637,1.072,227.661615384615,236.558,NA,NA
qua-2,NonStained,rep_2,11,qua-2-NonStained-rep_2-11,qua-2-NonStained,qua-2-NonStained-rep_2,qua-2-rep_2,38829,1532694.509,15891.469,7.54944,191.901,41170.853,0.076,223.294,7064.252,97.409,1.069,227.661615384615,236.558,NA,NA
qua-2,NonStained,rep_2,2,qua-2-NonStained-rep_2-2,qua-2-NonStained,qua-2-NonStained-rep_2,qua-2-rep_2,42934,1694730.899,14799.738,6.903574,223.414,41170.853,0.097,225.519,6754.703,90.853,1.022,227.661615384615,236.558,NA,NA
qua-2,NonStained,rep_2,5,qua-2-NonStained-rep_2-5,qua-2-NonStained,qua-2-NonStained-rep_2,qua-2-rep_2,29811,1176727.601,11270.46,5.443463,209.07,41170.853,0.116,209.032,5340.281,74.231,1.019,227.661615384615,236.558,NA,NA
qua-2,NonStained,rep_2,7,qua-2-NonStained-rep_2-7,qua-2-NonStained,qua-2-NonStained-rep_2,qua-2-rep_2,36392,1436498.972,13510.261,6.421058,204.488,41170.853,0.099,216.848,6020.762,91.435,1.066,227.661615384615,236.558,NA,NA
qua-2,NonStained,rep_3,1,qua-2-NonStained-rep_3-1,qua-2-NonStained,qua-2-NonStained-rep_3,qua-2-rep_3,35626,1413642.507,13246.232,6.515995,212.444,125.984,0.101,204.295,6414.096,91.238,1.016,227.661615384615,223.898,NA,NA
qua-2,NonStained,rep_3,2,qua-2-NonStained-rep_3-2,qua-2-NonStained,qua-2-NonStained-rep_3,qua-2-rep_3,34869,1383604.687,12264.564,5.951586,225.524,138.583,0.116,198.424,5839.968,81.127,1.019,227.661615384615,223.898,NA,NA
qua-2,NonStained,rep_3,3,qua-2-NonStained-rep_3-3,qua-2-NonStained,qua-2-NonStained-rep_3,qua-2-rep_3,32783,1300832.042,11602.36,5.728593,222.212,132.283,0.121,205.639,5663.444,86.11,1.012,227.661615384615,223.898,NA,NA
qua-2,NonStained,rep_3,4,qua-2-NonStained-rep_3-4,qua-2-NonStained,qua-2-NonStained-rep_3,qua-2-rep_3,32627,1294641.949,11878.898,5.475365,212.407,151.181,0.115,200.409,5305.287,91.293,1.032,227.661615384615,223.898,NA,NA
qua-2,NonStained,rep_3,5,qua-2-NonStained-rep_3-5,qua-2-NonStained,qua-2-NonStained-rep_3,qua-2-rep_3,256,10158.1,353.023,0.122294,99.787,50.394,1.024,310.723,119.519,18.435,1.023,227.661615384615,223.898,NA,NA
qua-2,Stained,rep_1,1,qua-2-Stained-rep_1-1,qua-2-Stained,qua-2-Stained-rep_1,qua-2-rep_1,56115,2215023.626,19360.482,9.16285,222.073,150.786,0.074,265.304,7997.86,83.188,1.146,227.661615384615,219.107,1.16534357165037,1.21084219125815
qua-2,Stained,rep_1,10,qua-2-Stained-rep_1-10,qua-2-Stained,qua-2-Stained-rep_1,qua-2-rep_1,30524,1204871.802,10958.168,5.125556,216.753,138.22,0.126,286.067,4855.309,73.769,1.056,227.661615384615,219.107,1.25654471666958,1.30560411123332
qua-2,Stained,rep_1,11,qua-2-Stained-rep_1-11,qua-2-Stained,qua-2-Stained-rep_1,qua-2-rep_1,35307,1393670.84,14112.077,6.701269,196.387,138.22,0.088,265.615,4452.417,53.955,1.505,227.661615384615,219.107,1.16670963417028,1.21226158908661
qua-2,Stained,rep_1,2,qua-2-Stained-rep_1-2,qua-2-Stained,qua-2-Stained-rep_1,qua-2-rep_1,40926,1615469.249,14342.304,6.885982,227.708,144.503,0.099,283.453,6164.219,80.614,1.117,227.661615384615,219.107,1.24506276352792,1.29367386710603
qua-2,Stained,rep_1,3,qua-2-Stained-rep_1-3,qua-2-Stained,qua-2-Stained-rep_1,qua-2-rep_1,48285,1905950.562,16803.454,7.805776,225.869,157.069,0.085,267.198,6791.166,83.999,1.149,227.661615384615,219.107,1.17366293632148,1.21948636967326
qua-2,Stained,rep_1,4,qua-2-Stained-rep_1-4,qua-2-Stained,qua-2-Stained-rep_1,qua-2-rep_1,54499,2151235.367,17778.076,8.398868,242.702,157.069,0.086,284.677,7101.877,79.654,1.183,227.661615384615,219.107,1.25043916392784,1.29926017881674
qua-2,Stained,rep_1,5,qua-2-Stained-rep_1-5,qua-2-Stained,qua-2-Stained-rep_1,qua-2-rep_1,58907,2325232.055,19281.778,9.171646,236.266,157.069,0.079,281.796,8366.701,91.85,1.096,227.661615384615,219.107,1.23778441756169,1.28611135198784
qua-2,Stained,rep_1,6,qua-2-Stained-rep_1-6,qua-2-Stained,qua-2-Stained-rep_1,qua-2-rep_1,43980,1736019.586,14504.705,6.948809,242.254,150.786,0.104,277.245,5952.519,121.711,1.167,227.661615384615,219.107,1.21779422293748,1.26534067829873
qua-2,Stained,rep_1,7,qua-2-Stained-rep_1-7,qua-2-Stained,qua-2-Stained-rep_1,qua-2-rep_1,35912,1417551.964,14108.092,6.652264,199.498,138.22,0.089,259.628,5977.176,73.889,1.113,227.661615384615,219.107,1.14041183254094,1.18493703989375
qua-2,Stained,rep_1,8,qua-2-Stained-rep_1-8,qua-2-Stained,qua-2-Stained-rep_1,qua-2-rep_1,45134,1781571.351,16313.686,7.544414,220.211,157.069,0.084,267.857,4228.668,90.766,1.784,227.661615384615,219.107,1.17655758326883,1.22249403259595
qua-2,Stained,rep_1,9,qua-2-Stained-rep_1-9,qua-2-Stained,qua-2-Stained-rep_1,qua-2-rep_1,34619,1366513.462,10242.098,4.722203,268.737,163.351,0.164,266.91,4591.881,57.006,1.028,227.661615384615,219.107,1.17239790093327,1.21817194338839
qua-2,Stained,rep_2,1,qua-2-Stained-rep_2-1,qua-2-Stained,qua-2-Stained-rep_2,qua-2-rep_2,47329,1868214.438,19332.731,9.303584,192.241,119.372,0.063,270.522,8616.599,97.415,1.08,227.661615384615,236.558,1.18826355309381,1.14357578268332
qua-2,Stained,rep_2,10,qua-2-Stained-rep_2-10,qua-2-Stained,qua-2-Stained-rep_2,qua-2-rep_2,47638,1880411.575,17516.942,8.484313,219.262,131.938,0.077,262.93,7907.895,88.133,1.073,227.661615384615,236.558,1.15491581466556,1.11148217350502
qua-2,Stained,rep_2,11,qua-2-Stained-rep_2-11,qua-2-Stained,qua-2-Stained-rep_2,qua-2-rep_2,37984,1499339.881,14008.018,6.721374,209.473,131.938,0.096,272.013,6465.938,88.998,1.04,227.661615384615,236.558,1.19481274671822,1.14987867668817
qua-2,Stained,rep_2,12,qua-2-Stained-rep_2-12,qua-2-Stained,qua-2-Stained-rep_2,qua-2-rep_2,38952,1537549.68,13881.15,6.622106,222.714,144.503,0.1,270.898,6496.8,105.595,1.019,227.661615384615,236.558,1.18991512707287,1.14516524488709
qua-2,Stained,rep_2,13,qua-2-Stained-rep_2-13,qua-2-Stained,qua-2-Stained-rep_2,qua-2-rep_2,33472,1321238.008,12722.937,6.257707,209.409,125.655,0.103,249.836,6134.756,96.586,1.02,227.661615384615,236.558,1.09740062934159,1.05612999771726
qua-2,Stained,rep_2,14,qua-2-Stained-rep_2-14,qua-2-Stained,qua-2-Stained-rep_2,qua-2-rep_2,39471,1558036.132,15166.454,7.523053,205.746,119.372,0.085,263.593,7294.599,89.457,1.031,227.661615384615,236.558,1.15782803154885,1.1142848688271
qua-2,Stained,rep_2,15,qua-2-Stained-rep_2-15,qua-2-Stained,qua-2-Stained-rep_2,qua-2-rep_2,43877,1731953.874,15662.585,7.548184,221.991,131.938,0.089,255.176,7038.431,88.721,1.072,227.661615384615,236.558,1.12085649383143,1.07870374284531
qua-2,Stained,rep_2,16,qua-2-Stained-rep_2-16,qua-2-Stained,qua-2-Stained-rep_2,qua-2-rep_2,53312,2104380.996,19921.873,9.615208,214.019,131.938,0.067,260.117,8867.514,87.442,1.084,227.661615384615,236.558,1.14255975721052,1.09959079802839
qua-2,Stained,rep_2,17,qua-2-Stained-rep_2-17,qua-2-Stained,qua-2-Stained-rep_2,qua-2-rep_2,27294,1077374.229,11045.518,5.422101,197.021,125.655,0.111,260.257,5323.124,88.58,1.019,227.661615384615,236.558,1.14317470496868,1.10018261906171
qua-2,Stained,rep_2,18,qua-2-Stained-rep_2-18,qua-2-Stained,qua-2-Stained-rep_2,qua-2-rep_2,28083,1108518.373,11344.143,5.610584,197.682,113.089,0.108,239.759,5525.77,84.192,1.015,227.661615384615,236.558,1.05313756820598,1.01353156519754
qua-2,Stained,rep_2,19,qua-2-Stained-rep_2-19,qua-2-Stained,qua-2-Stained-rep_2,qua-2-rep_2,28543,1126675.922,11012.465,5.375609,205.757,119.372,0.117,259.814,5271.091,77.471,1.02,227.661615384615,236.558,1.1412288345625,1.09830992822056
qua-2,Stained,rep_2,2,qua-2-Stained-rep_2-2,qua-2-Stained,qua-2-Stained-rep_2,qua-2-rep_2,47995,1894503.412,19104.241,9.259605,195.56,125.655,0.065,252.845,8841.747,96.938,1.047,227.661615384615,236.558,1.11061761365806,1.06884992264054
qua-2,Stained,rep_2,20,qua-2-Stained-rep_2-20,qua-2-Stained,qua-2-Stained-rep_2,qua-2-rep_2,43787,1728401.31,16703.979,8.069652,211.85,125.655,0.078,263.09,7963.076,71.794,1.013,227.661615384615,236.558,1.15561861210346,1.11215854040024
qua-2,Stained,rep_2,21,qua-2-Stained-rep_2-21,qua-2-Stained,qua-2-Stained-rep_2,qua-2-rep_2,19166,756538.231,9122.865,4.189426,162.822,106.807,0.114,266.781,3956.965,99.597,1.059,227.661615384615,236.558,1.17183127049896,1.1277614792144
qua-2,Stained,rep_2,3,qua-2-Stained-rep_2-3,qua-2-Stained,qua-2-Stained-rep_2,qua-2-rep_2,37485,1479642.887,15671.026,7.58588,184.648,125.655,0.076,249.101,6746.763,70.3,1.124,227.661615384615,236.558,1.09417215361125,1.05302293729233
qua-2,Stained,rep_2,4,qua-2-Stained-rep_2-4,qua-2-Stained,qua-2-Stained-rep_2,qua-2-rep_2,32568,1285554.477,13067.853,6.43865,198.25,131.938,0.095,261.398,6313.475,79.797,1.02,227.661615384615,236.558,1.14818652919769,1.10500596048326
qua-2,Stained,rep_2,5,qua-2-Stained-rep_2-5,qua-2-Stained,qua-2-Stained-rep_2,qua-2-rep_2,42430,1674836.54,15530.406,7.551953,221.187,125.655,0.087,254.7,7088.121,83.996,1.065,227.661615384615,236.558,1.11876567145369,1.07669155133202
qua-2,Stained,rep_2,6,qua-2-Stained-rep_2-6,qua-2-Stained,qua-2-Stained-rep_2,qua-2-rep_2,36500,1440762.049,13939.85,6.633416,208.238,138.22,0.093,279.821,6000.114,87.359,1.106,227.661615384615,236.558,1.22910926168764,1.18288538117502
qua-2,Stained,rep_2,7,qua-2-Stained-rep_2-7,qua-2-Stained,qua-2-Stained-rep_2,qua-2-rep_2,37327,1473406.164,14330.717,6.957605,205.483,125.655,0.09,247.554,6824.283,93.642,1.02,227.661615384615,236.558,1.08737698088357,1.04648331487415
qua-2,Stained,rep_2,8,qua-2-Stained-rep_2-8,qua-2-Stained,qua-2-Stained-rep_2,qua-2-rep_2,41774,1648942.296,15704.207,7.496666,214.742,131.938,0.084,257.342,7250.417,78.047,1.034,227.661615384615,236.558,1.13037061414697,1.08786005968938
qua-2,Stained,rep_2,9,qua-2-Stained-rep_2-9,qua-2-Stained,qua-2-Stained-rep_2,qua-2-rep_2,38266,1510471.248,14429.243,6.923678,212.684,131.938,0.091,258.16,6676.115,82.701,1.037,227.661615384615,236.558,1.13396366604823,1.0913179854412
qua-2,Stained,rep_3,1,qua-2-Stained-rep_3-1,qua-2-Stained,qua-2-Stained-rep_3,qua-2-rep_3,41026,1627914.936,14835.58,7.302137,220.665,132.283,0.093,273.877,7077.627,86.121,1.032,227.661615384615,223.898,1.20300033686973,1.22322218152909
qua-2,Stained,rep_3,10,qua-2-Stained-rep_3-10,qua-2-Stained,qua-2-Stained-rep_3,qua-2-rep_3,34217,1357733.275,13741.656,6.39505,191.925,138.583,0.09,246.73,5701.487,83.338,1.122,227.661615384615,223.898,1.0837575740784,1.10197500647616
qua-2,Stained,rep_3,11,qua-2-Stained-rep_3-11,qua-2-Stained,qua-2-Stained-rep_3,qua-2-rep_3,35282,1399992.56,14933.849,7.100562,192.351,113.386,0.079,260.254,6879.02,70.752,1.032,227.661615384615,223.898,1.14316152751672,1.16237751118813
qua-2,Stained,rep_3,12,qua-2-Stained-rep_3-12,qua-2-Stained,qua-2-Stained-rep_3,qua-2-rep_3,32155,1275912.952,13220.422,6.179617,191.274,132.283,0.092,279.712,5871.272,93.814,1.053,227.661615384615,223.898,1.22863048093307,1.2492831557227
qua-2,Stained,rep_3,13,qua-2-Stained-rep_3-13,qua-2-Stained,qua-2-Stained-rep_3,qua-2-rep_3,31160,1236431.273,11535.71,5.385916,216.944,138.583,0.117,266.854,4934.198,96.671,1.092,227.661615384615,223.898,1.17215192183,1.19185521978758
qua-2,Stained,rep_3,14,qua-2-Stained-rep_3-14,qua-2-Stained,qua-2-Stained-rep_3,qua-2-rep_3,44080,1749097.898,16238.11,7.83505,222.822,125.984,0.083,240.169,7446.567,81.781,1.052,227.661615384615,223.898,1.0549384866406,1.07267148433662
qua-2,Stained,rep_3,15,qua-2-Stained-rep_3-15,qua-2-Stained,qua-2-Stained-rep_3,qua-2-rep_3,42694,1694101.308,15518.259,7.322294,216.889,151.181,0.088,262.502,6688.106,85.192,1.095,227.661615384615,223.898,1.15303583151918,1.17241779738988
qua-2,Stained,rep_3,16,qua-2-Stained-rep_3-16,qua-2-Stained,qua-2-Stained-rep_3,qua-2-rep_3,32206,1277936.636,11350.856,5.452688,228.153,144.882,0.125,251.226,5147.027,85.015,1.059,227.661615384615,223.898,1.10350618208333,1.12205557887967
qua-2,Stained,rep_3,17,qua-2-Stained-rep_3-17,qua-2-Stained,qua-2-Stained-rep_3,qua-2-rep_3,34803,1380985.802,13391.12,6.310641,206.757,125.984,0.097,259.117,6114.196,67.08,1.032,227.661615384615,223.898,1.13816727322365,1.15729930593395
qua-2,Stained,rep_3,18,qua-2-Stained-rep_3-18,qua-2-Stained,qua-2-Stained-rep_3,qua-2-rep_3,34960,1387215.574,12629.634,6.174578,222.92,132.283,0.109,255.477,6052.393,81.802,1.02,227.661615384615,223.898,1.12217863151148,1.14104190300941
qua-2,Stained,rep_3,19,qua-2-Stained-rep_3-19,qua-2-Stained,qua-2-Stained-rep_3,qua-2-rep_3,27819,1103860.128,11140.271,5.390956,206.856,113.386,0.112,242.386,5171.496,92.793,1.042,227.661615384615,223.898,1.06467662363947,1.08257331463434
qua-2,Stained,rep_3,2,qua-2-Stained-rep_3-2,qua-2-Stained,qua-2-Stained-rep_3,qua-2-rep_3,54211,2151096.782,19950.893,9.739932,218.489,138.583,0.068,250.546,8635.164,85.188,1.128,227.661615384615,223.898,1.10051929297226,1.11901848163003
qua-2,Stained,rep_3,20,qua-2-Stained-rep_3-20,qua-2-Stained,qua-2-Stained-rep_3,qua-2-rep_3,34199,1357019.034,13768.048,6.226231,194.72,125.984,0.09,261.871,4880.979,78.763,1.276,227.661615384615,223.898,1.15026417412347,1.169599549795
qua-2,Stained,rep_3,3,qua-2-Stained-rep_3-3,qua-2-Stained,qua-2-Stained-rep_3,qua-2-rep_3,53293,2114670.469,19507.908,9.267491,219.32,132.283,0.07,237.133,8468.928,93.454,1.094,227.661615384615,223.898,1.04160290525649,1.05911173838087
qua-2,Stained,rep_3,4,qua-2-Stained-rep_3-4,qua-2-Stained,qua-2-Stained-rep_3,qua-2-rep_3,48877,1939443.239,16861.165,8.098357,225.708,144.882,0.086,267.757,7703.914,78.396,1.051,227.661615384615,223.898,1.17611833487014,1.19588830628233
qua-2,Stained,rep_3,5,qua-2-Stained-rep_3-5,qua-2-Stained,qua-2-Stained-rep_3,qua-2-rep_3,26643,1057196.354,9982.066,4.977727,214.048,125.984,0.133,248.469,4895.927,96.65,1.017,227.661615384615,223.898,1.09139610373155,1.10974193606017
qua-2,Stained,rep_3,6,qua-2-Stained-rep_3-6,qua-2-Stained,qua-2-Stained-rep_3,qua-2-rep_3,33026,1310474.301,12078.715,5.951586,216.497,132.283,0.113,274.77,5845.713,86.231,1.018,227.661615384615,223.898,1.20692282507,1.22721060482898
qua-2,Stained,rep_3,7,qua-2-Stained-rep_3-7,qua-2-Stained,qua-2-Stained-rep_3,qua-2-rep_3,40490,1606646.413,14414.288,7.061507,227.161,138.583,0.097,269.966,6817.323,87.246,1.036,227.661615384615,223.898,1.18582133199712,1.20575440602417
qua-2,Stained,rep_3,8,qua-2-Stained-rep_3-8,qua-2-Stained,qua-2-Stained-rep_3,qua-2-rep_3,37480,1487209.374,13496.396,6.618042,225.784,125.984,0.103,251.234,6396.791,93.105,1.035,227.661615384615,223.898,1.10354132195522,1.12209130943555
qua-2,Stained,rep_3,9,qua-2-Stained-rep_3-9,qua-2-Stained,qua-2-Stained-rep_3,qua-2-rep_3,29250,1160642.321,11078.561,5.475365,211.971,125.984,0.119,224.163,5372.756,97.817,1.019,227.661615384615,223.898,0.984632387946889,1.00118357466346
scar-2,NonStained,rep_1,1,scar-2-NonStained-rep_1-1,scar-2-NonStained,scar-2-NonStained-rep_1,scar-2-rep_1,88617,3497972.889,31729.395,15.562459,217.052,163.351,0.044,208.976,15194.48,95.576,1.024,213.450111111111,213.455333333333,NA,NA
scar-2,NonStained,rep_1,2,scar-2-NonStained-rep_1-2,scar-2-NonStained,scar-2-NonStained-rep_1,scar-2-rep_1,87521,3454710.555,27529.03,13.516795,243.915,201.048,0.057,210.885,13367.661,93.8,1.011,213.450111111111,213.455333333333,NA,NA
scar-2,NonStained,rep_1,3,scar-2-NonStained-rep_1-3,scar-2-NonStained,scar-2-NonStained-rep_1,scar-2-rep_1,42864,1691967.793,17879.4,9.022116,185.695,119.372,0.067,220.505,8880.129,96.255,1.016,213.450111111111,213.455333333333,NA,NA
scar-2,NonStained,rep_2,1,scar-2-NonStained-rep_2-1,scar-2-NonStained,scar-2-NonStained-rep_2,scar-2-rep_2,74742,2950285.946,25896.783,13.133547,225.214,138.22,0.055,208.132,12954.774,95.036,1.014,213.450111111111,211.6665,NA,NA
scar-2,NonStained,rep_2,2,scar-2-NonStained-rep_2-2,scar-2-NonStained,scar-2-NonStained-rep_2,scar-2-rep_2,57387,2265233.197,21687.421,10.880554,204.823,131.938,0.061,215.201,10825.643,90.532,1.005,213.450111111111,211.6665,NA,NA
scar-2,NonStained,rep_3,1,scar-2-NonStained-rep_3-1,scar-2-NonStained,scar-2-NonStained-rep_3,scar-2-rep_3,65575,2602021.204,23573.063,11.648594,219.503,144.882,0.059,207.003,11119.973,92.922,1.048,213.450111111111,214.338,NA,NA
scar-2,NonStained,rep_3,2,scar-2-NonStained-rep_3-2,scar-2-NonStained,scar-2-NonStained-rep_3,scar-2-rep_3,73431,2913747.907,25993.42,12.937412,222.382,138.583,0.054,203.537,12605.077,88.139,1.026,213.450111111111,214.338,NA,NA
scar-2,NonStained,rep_3,3,scar-2-NonStained-rep_3-3,scar-2-NonStained,scar-2-NonStained-rep_3,scar-2-rep_3,61192,2428103.416,21763.132,10.915365,221.582,132.283,0.064,215.404,10686.289,88.683,1.021,213.450111111111,214.338,NA,NA
scar-2,NonStained,rep_3,4,scar-2-NonStained-rep_3-4,scar-2-NonStained,scar-2-NonStained-rep_3,scar-2-rep_3,33260,1319759.44,15131.798,7.608279,172.978,107.087,0.072,231.408,7512.64,94.472,1.013,213.450111111111,214.338,NA,NA
scar-2,Stained,rep_1,1,scar-2-Stained-rep_1-1,scar-2-Stained,scar-2-Stained-rep_1,scar-2-rep_1,57427,2266812.114,21709.989,10.844114,206.993,125.655,0.06,238.272,10656.077,90.574,1.018,213.450111111111,213.455333333333,1.11628894808102,1.11626163787584
scar-2,Stained,rep_1,10,scar-2-Stained-rep_1-10,scar-2-Stained,scar-2-Stained-rep_1,scar-2-rep_1,50099,1977554.462,19462.405,9.81123,203.642,119.372,0.066,218.306,9651.752,83.384,1.017,213.450111111111,213.455333333333,1.02274952617083,1.02272450442403
scar-2,Stained,rep_1,11,scar-2-Stained-rep_1-11,scar-2-Stained,scar-2-Stained-rep_1,scar-2-rep_1,57630,2274825.12,22009.443,10.923276,208.343,144.503,0.059,223.074,10697.426,97.526,1.021,213.450111111111,213.455333333333,1.04508729856729,1.04506173032297
scar-2,Stained,rep_1,12,scar-2-Stained-rep_1-12,scar-2-Stained,scar-2-Stained-rep_1,scar-2-rep_1,52903,2088236.566,19687.328,9.547354,211.287,125.655,0.068,222.485,9130.114,86.844,1.046,213.450111111111,213.455333333333,1.04232787156614,1.04230237083168
scar-2,Stained,rep_1,13,scar-2-Stained-rep_1-13,scar-2-Stained,scar-2-Stained-rep_1,scar-2-rep_1,59740,2358113.008,21450.446,10.643066,215.871,144.503,0.064,228.097,10483.95,84.498,1.015,213.450111111111,213.455333333333,1.06861972951265,1.06859358554327
scar-2,Stained,rep_1,14,scar-2-Stained-rep_1-14,scar-2-Stained,scar-2-Stained-rep_1,scar-2-rep_1,54304,2143538.145,18632.353,8.954263,237.486,144.503,0.078,246.683,8358.042,88.751,1.071,213.450111111111,213.455333333333,1.15569394045239,1.15566566619714
scar-2,Stained,rep_1,15,scar-2-Stained-rep_1-15,scar-2-Stained,scar-2-Stained-rep_1,scar-2-rep_1,41039,1619929.691,16199.424,8.033212,198.575,125.655,0.078,223.791,7770.694,102.609,1.034,213.450111111111,213.455333333333,1.04844639731064,1.04842074688538
scar-2,Stained,rep_1,18,scar-2-Stained-rep_1-18,scar-2-Stained,scar-2-Stained-rep_1,scar-2-rep_1,41237,1627745.331,14358.775,6.982736,222.69,150.786,0.099,217.914,6794.095,88.463,1.028,213.450111111111,213.455333333333,1.02091303146038,1.02088805464375
scar-2,Stained,rep_1,2,scar-2-Stained-rep_1-2,scar-2-Stained,scar-2-Stained-rep_1,scar-2-rep_1,77865,3073559.916,26437.863,13.059411,232.993,157.069,0.055,216.687,12419.915,87.536,1.051,213.450111111111,213.455333333333,1.01516461561926,1.01513977943863
scar-2,Stained,rep_1,3,scar-2-Stained-rep_1-3,scar-2-Stained,scar-2-Stained-rep_1,scar-2-rep_1,67633,2669672.867,24716.565,12.299198,211.95,125.655,0.055,217.338,12231.473,91.678,1.006,213.450111111111,213.455333333333,1.01821450862054,1.01818959782374
scar-2,Stained,rep_1,4,scar-2-Stained-rep_1-4,scar-2-Stained,scar-2-Stained-rep_1,scar-2-rep_1,60703,2396125.442,21900.063,10.673223,221.347,157.069,0.063,232.75,10214.853,83.076,1.045,213.450111111111,213.455333333333,1.09041873432824,1.09039205704238
scar-2,Stained,rep_1,5,scar-2-Stained-rep_1-5,scar-2-Stained,scar-2-Stained-rep_1,scar-2-rep_1,64722,2554767.159,23396.667,11.379404,219.461,144.503,0.059,223.006,10485.153,86.634,1.085,213.450111111111,213.455333333333,1.04476872295426,1.04474316250394
scar-2,Stained,rep_1,6,scar-2-Stained-rep_1-6,scar-2-Stained,scar-2-Stained-rep_1,scar-2-rep_1,57985,2288838.011,22783.94,11.427153,197.566,125.655,0.055,224.424,11244.837,93.203,1.016,213.450111111111,213.455333333333,1.05141196147317,1.05138623849486
scar-2,Stained,rep_1,7,scar-2-Stained-rep_1-7,scar-2-Stained,scar-2-Stained-rep_1,scar-2-rep_1,50287,1984975.374,19922.319,9.710706,190.255,138.22,0.063,217.733,9558.425,93.203,1.016,213.450111111111,213.455333333333,1.02006505813745,1.02004010206663
scar-2,Stained,rep_1,8,scar-2-Stained-rep_1-8,scar-2-Stained,scar-2-Stained-rep_1,scar-2-rep_1,47539,1876503.754,18865.233,9.513428,194.168,125.655,0.066,211.346,9444.61,91.067,1.007,213.450111111111,213.455333333333,0.990142375189415,0.990118151182293
scar-2,Stained,rep_1,9,scar-2-Stained-rep_1-9,scar-2-Stained,scar-2-Stained-rep_1,scar-2-rep_1,69105,2727777.024,24186.584,11.770191,226.62,150.786,0.059,219.811,11330.042,96.144,1.039,213.450111111111,213.455333333333,1.02980035407701,1.02977515983047
scar-2,Stained,rep_2,1,scar-2-Stained-rep_2-1,scar-2-Stained,scar-2-Stained-rep_2,scar-2-rep_2,99451,3925622.644,31935.275,15.998481,241.737,150.786,0.048,228.851,15726.493,87.138,1.017,213.450111111111,211.6665,1.07215217086897,1.08118667809975
scar-2,Stained,rep_2,2,scar-2-Stained-rep_2-2,scar-2-Stained,scar-2-Stained-rep_2,scar-2-rep_2,101716,4015028.837,33334.344,16.615447,241.604,138.22,0.045,226.513,16199.636,85.952,1.026,213.450111111111,211.6665,1.06119879170308,1.07014100011102
scar-2,Stained,rep_2,3,scar-2-Stained-rep_2-3,scar-2-Stained,scar-2-Stained-rep_2,scar-2-rep_2,87424,3450881.681,29919.217,15.073661,230.037,138.22,0.048,233.666,14776.984,93.339,1.02,213.450111111111,211.6665,1.09471013523327,1.10393472750766
scar-2,Stained,rep_2,4,scar-2-Stained-rep_2-4,scar-2-Stained,scar-2-Stained-rep_2,scar-2-rep_2,104087,4108619.16,33994.8,16.622986,242.374,138.22,0.045,221.953,16077.101,77.267,1.034,213.450111111111,211.6665,1.03983548588767,1.04859767606116
scar-2,Stained,rep_2,5,scar-2-Stained-rep_2-5,scar-2-Stained,scar-2-Stained-rep_2,scar-2-rep_2,79357,3132453.531,28431.703,14.275751,220.606,131.938,0.049,223.323,13988.749,94.714,1.021,213.450111111111,211.6665,1.04625384750327,1.05507012210246
scar-2,Stained,rep_2,6,scar-2-Stained-rep_2-6,scar-2-Stained,scar-2-Stained-rep_2,scar-2-rep_2,76925,3036455.359,27023.207,13.055642,227.092,138.22,0.052,224.486,12289.834,89.356,1.062,213.450111111111,211.6665,1.05170242747329,1.06056461461781
scar-2,Stained,rep_2,7,scar-2-Stained-rep_2-7,scar-2-Stained,scar-2-Stained-rep_2,scar-2-rep_2,58076,2292430.048,22551.61,11.347991,202.789,125.655,0.057,224.897,11071.23,89.22,1.025,213.450111111111,211.6665,1.05362793595797,1.0625063484302
scar-2,Stained,rep_2,8,scar-2-Stained-rep_2-8,scar-2-Stained,scar-2-Stained-rep_2,scar-2-rep_2,65049,2567674.808,23146.816,11.63197,219.955,131.938,0.06,223.108,11548.52,89.314,1.007,213.450111111111,211.6665,1.04524658637381,1.05405437327116
scar-2,Stained,rep_2,9,scar-2-Stained-rep_2-9,scar-2-Stained,scar-2-Stained-rep_2,scar-2-rep_2,65355,2579753.526,23073.132,11.560347,222.369,144.503,0.061,226.196,11386.631,84.173,1.015,213.450111111111,211.6665,1.05971366715407,1.0686433611365
scar-2,Stained,rep_3,1,scar-2-Stained-rep_3-1,scar-2-Stained,scar-2-Stained-rep_3,scar-2-rep_3,94295,3741633.083,27313.499,13.533318,277.25,157.48,0.063,221.989,13235.079,89.536,1.023,213.450111111111,214.338,1.04000414356516,1.03569595685319
scar-2,Stained,rep_3,10,scar-2-Stained-rep_3-10,scar-2-Stained,scar-2-Stained-rep_3,scar-2-rep_3,85518,3393361.027,27929.128,13.825601,245.742,144.882,0.055,218.029,13332.975,85.828,1.037,213.450111111111,214.338,1.02145179904125,1.01722046487324
scar-2,Stained,rep_3,11,scar-2-Stained-rep_3-11,scar-2-Stained,scar-2-Stained-rep_3,scar-2-rep_3,66932,2655867.072,24066.183,11.978672,220.791,125.984,0.058,220.324,11805.366,85.01,1.015,213.450111111111,214.338,1.03220372598125,1.02792785227071
scar-2,Stained,rep_3,12,scar-2-Stained-rep_3-12,scar-2-Stained,scar-2-Stained-rep_3,scar-2-rep_3,74883,2971363.383,26505.299,13.137727,224.145,132.283,0.053,219.818,12757.671,82.51,1.03,213.450111111111,214.338,1.02983314862541,1.02556709496216
scar-2,Stained,rep_3,13,scar-2-Stained-rep_3-13,scar-2-Stained,scar-2-Stained-rep_3,scar-2-rep_3,64368,2554127.348,23768.917,11.211428,217.059,125.984,0.057,214.525,11036.984,70.148,1.016,213.450111111111,214.338,1.00503578509889,1.00087245378794
scar-2,Stained,rep_3,14,scar-2-Stained-rep_3-14,scar-2-Stained,scar-2-Stained-rep_3,scar-2-rep_3,57050,2263748.527,19521.439,9.734893,232.333,144.882,0.075,236.084,9450.349,91.031,1.03,213.450111111111,214.338,1.10603830923802,1.10145657792832
scar-2,Stained,rep_3,15,scar-2-Stained-rep_3-15,scar-2-Stained,scar-2-Stained-rep_3,scar-2-rep_3,66023,2619797.88,25484.446,12.613633,206.265,119.685,0.051,229.31,12290.234,77.388,1.026,213.450111111111,214.338,1.07430255625697,1.06985228937473
scar-2,Stained,rep_3,16,scar-2-Stained-rep_3-16,scar-2-Stained,scar-2-Stained-rep_3,scar-2-rep_3,88923,3528471.697,30110.018,14.509696,233.424,144.882,0.049,228.01,12874.852,79.399,1.127,213.450111111111,214.338,1.06821214012538,1.06378710261363
scar-2,Stained,rep_3,17,scar-2-Stained-rep_3-17,scar-2-Stained,scar-2-Stained-rep_3,scar-2-rep_3,73844,2930135.78,25707.122,12.5519,231.004,138.583,0.056,214.76,12012.321,81.101,1.045,213.450111111111,214.338,1.00613674493806,1.00196885293322
scar-2,Stained,rep_3,18,scar-2-Stained-rep_3-18,scar-2-Stained,scar-2-Stained-rep_3,scar-2-rep_3,70998,2817206.274,24283.541,11.981192,234.874,138.583,0.06,230.91,11442.769,85.137,1.047,213.450111111111,214.338,1.0817984530343,1.07731713461915
scar-2,Stained,rep_3,19,scar-2-Stained-rep_3-19,scar-2-Stained,scar-2-Stained-rep_3,scar-2-rep_3,69968,2776335.793,22230.339,11.047649,250.947,151.181,0.071,210.094,10771.359,82.675,1.026,213.450111111111,214.338,0.984276835961148,0.980199497989157
scar-2,Stained,rep_3,2,scar-2-Stained-rep_3-2,scar-2-Stained,scar-2-Stained-rep_3,scar-2-rep_3,65599,2602973.526,23324.639,11.628436,223.014,132.283,0.06,214.368,11264.84,87.821,1.032,213.450111111111,214.338,1.00430025022761,1.00013996584833
scar-2,Stained,rep_3,20,scar-2-Stained-rep_3-20,scar-2-Stained,scar-2-Stained-rep_3,scar-2-rep_3,72113,2861449.563,24326.37,11.935838,239.481,138.583,0.061,239.61,11535.551,80.857,1.035,213.450111111111,214.338,1.12255739176107,1.11790723063572
scar-2,Stained,rep_3,3,scar-2-Stained-rep_3-3,scar-2-Stained,scar-2-Stained-rep_3,scar-2-rep_3,82319,3266424.453,27837.031,13.874735,235.734,138.583,0.053,219.765,13406.75,89.004,1.035,213.450111111111,214.338,1.02958484704466,1.02531982196344
scar-2,Stained,rep_3,4,scar-2-Stained-rep_3-4,scar-2-Stained,scar-2-Stained-rep_3,scar-2-rep_3,99380,3943406.287,31143.141,15.19757,249.294,144.882,0.051,219.864,14149.005,93.037,1.074,213.450111111111,214.338,1.03004865565776,1.02578170926294
scar-2,Stained,rep_3,5,scar-2-Stained-rep_3-5,scar-2-Stained,scar-2-Stained-rep_3,scar-2-rep_3,82926,3290510.261,28409.153,13.938987,230.367,138.583,0.051,219.434,12625.021,80.204,1.104,213.450111111111,214.338,1.02803413339885,1.0237755321035
scar-2,Stained,rep_3,6,scar-2-Stained-rep_3-6,scar-2-Stained,scar-2-Stained-rep_3,scar-2-rep_3,101688,4034987.91,30926.244,15.270641,255.183,157.48,0.053,220.549,14593.485,71.268,1.046,213.450111111111,214.338,1.03325783646556,1.02897759613321
scar-2,Stained,rep_3,7,scar-2-Stained-rep_3-7,scar-2-Stained,scar-2-Stained-rep_3,scar-2-rep_3,81901,3249838.18,27395.616,13.632846,235.945,170.079,0.054,228.977,13442.068,84.757,1.014,213.450111111111,214.338,1.07274247274018,1.06829866845823
scar-2,Stained,rep_3,8,scar-2-Stained-rep_3-8,scar-2-Stained,scar-2-Stained-rep_3,scar-2-rep_3,79789,3166033.852,26569.495,13.073475,243.155,144.882,0.056,219.743,12487.977,86.153,1.047,213.450111111111,214.338,1.02948177846398,1.02521718034133
scar-2,Stained,rep_3,9,scar-2-Stained-rep_3-9,scar-2-Stained,scar-2-Stained-rep_3,scar-2-rep_3,64324,2552381.425,24104.835,11.773318,212.925,125.984,0.055,214.093,11321.022,87.895,1.04,213.450111111111,214.338,1.003011892969,0.998856945571947
